Profile Name,Title Name,Rating Type,Star Value,Thumbs Value,Device Model,Event Utc Ts,Region View Date
Florosaurus,Stromberg,star,5,2,iPad,2016-02-18 14:44:52,2016-02-18
Florosaurus,Pastewka,star,5,2,iPad,2015-08-25 05:57:30,2015-08-25
Florosaurus,Lost,star,5,2,iPad,2015-08-04 16:35:01,2015-08-04
Florosaurus,Fargo,star,5,2,Unknown,2014-11-07 21:32:23,2014-11-04
Florosaurus,Margin Call,star,5,2,Unknown,2014-10-08 21:20:10,2014-10-07
Ferdinand ,Léon: The Professional,thumb,,3,HTML 5,2023-01-07 13:14:03,
Ferdinand ,3:10 to Yuma,thumb,,3,iPad,2022-12-17 17:23:26,
Ferdinand ,Triviaverse,thumb,,1,iPad,2022-12-03 21:26:55,
Ferdinand ,Enola Holmes,thumb,,3,Android Phone,2022-11-18 19:38:21,
Ferdinand ,Enola Holmes 2,thumb,,3,iPad,2022-11-12 21:15:33,
Ferdinand ,Formula 1: Drive to Survive,thumb,,3,HTML 5,2022-10-14 09:31:22,
Ferdinand ,Stranger Things,thumb,,3,HTML 5,2022-10-14 09:31:05,
Ferdinand ,BoJack Horseman,thumb,,3,iPad,2022-09-25 20:21:08,
Ferdinand ,Shrek,thumb,,3,iPad,2022-09-25 20:19:13,
Ferdinand ,Knives Out,thumb,,3,iPad,2022-09-07 20:24:20,
Ferdinand ,The Gray Man,thumb,,2,HTML 5,2022-08-23 20:37:19,
Ferdinand ,King of Stonks,thumb,,0,HTML 5,2022-08-23 20:34:25,
Ferdinand ,The Ballad of Buster Scruggs,thumb,,3,HTML 5,2022-08-17 16:23:54,
Ferdinand ,American Psycho,thumb,,3,HTML 5,2022-08-17 16:23:46,
Ferdinand ,Don't Look Up,thumb,,3,HTML 5,2022-08-17 16:23:36,
Ferdinand ,The Umbrella Academy,thumb,,3,HTML 5,2022-08-17 16:23:17,
Ferdinand ,Shiny_Flakes: The Teenage Drug Lord,thumb,,3,HTML 5,2022-08-15 00:50:31,
Ferdinand ,Gladbeck: The Hostage Crisis,thumb,,2,HTML 5,2022-08-12 17:44:48,
Ferdinand ,Taylor Tomlinson: Look At You,thumb,,3,HTML 5,2022-08-12 17:44:41,
Ferdinand ,Eurovision Song Contest: The Story of Fire Saga,thumb,,3,HTML 5,2022-08-06 16:15:11,
Ferdinand ,The Witcher,thumb,,3,HTML 5,2022-08-06 16:14:35,
Ferdinand ,How to Sell Drugs Online (Fast),thumb,,3,HTML 5,2022-08-06 16:14:30,
Ferdinand ,Queer Eye,thumb,,3,HTML 5,2022-08-06 16:14:25,
Ferdinand ,Schumacher,thumb,,2,HTML 5,2022-08-06 16:12:29,
Ferdinand ,Stromberg - Der Film,thumb,,2,HTML 5,2022-08-06 16:12:16,
Ferdinand ,Dark,thumb,,3,HTML 5,2022-08-06 16:12:12,
Ferdinand ,The Last Dance,thumb,,2,HTML 5,2022-08-06 16:12:06,
Ferdinand ,Türkisch für Anfänger,thumb,,2,HTML 5,2022-08-06 16:12:01,
Ferdinand ,Sex Education,thumb,,3,HTML 5,2022-08-06 16:11:52,
Ferdinand ,Breaking Bad,thumb,,3,HTML 5,2022-08-06 16:10:38,
Ferdinand ,Modern Family,thumb,,3,HTML 5,2022-08-06 16:10:19,
Ferdinand ,Arrested Development,thumb,,3,HTML 5,2022-08-06 16:10:16,
Ferdinand ,Better Call Saul,thumb,,3,iPad,2022-06-30 12:52:49,
Ferdinand ,The G Word with Adam Conover,thumb,,3,iPad,2022-06-15 20:29:26,
Ferdinand ,Rick and Morty,thumb,,3,HTML 5,2022-06-05 19:58:37,
Ferdinand ,Community,thumb,,3,iPad,2022-05-31 20:33:14,
Ferdinand ,Friends,thumb,,3,iPad,2022-05-31 20:32:48,
Ferdinand ,The Office (U.S.),thumb,,3,iPad,2022-05-31 20:32:43,
Ferdinand ,Harry Potter and the Sorcerer's Stone,thumb,,2,HTML 5,2022-04-07 16:08:55,
Ferdinand ,Bohemian Rhapsody,thumb,,2,iPad,2022-04-01 09:15:36,
Ferdinand ,The Man from U.N.C.L.E.,thumb,,2,Android Phone,2022-04-01 09:05:18,
Ferdinand ,Superbad,thumb,,2,iPad,2022-03-19 19:14:22,
Ferdinand ,Austin Powers: International Man of Mystery,thumb,,2,iPad,2022-03-19 19:14:12,
Ferdinand ,Pete Davidson: Alive From New York,thumb,,2,HTML 5,2022-02-19 19:20:44,
Ferdinand ,Little Women,thumb,,2,Android Phone,2022-01-10 18:50:50,
Ferdinand ,The Lost World: Jurassic Park,thumb,,0,Android Phone,2021-12-20 21:04:41,
Ferdinand ,Spider-Man,thumb,,2,Android Phone,2021-12-20 21:03:51,
Ferdinand ,John Wick,thumb,,2,iPad,2021-11-12 21:06:03,
Ferdinand ,Deadpool 2,thumb,,2,iPad,2021-11-12 21:05:53,
Ferdinand ,Zombieland,thumb,,2,iPad,2021-11-12 21:05:30,
Ferdinand ,Zodiac,thumb,,2,iPad,2021-11-12 21:05:17,
Ferdinand ,Trevor Noah: Afraid of the Dark,thumb,,2,iPad,2021-11-12 21:04:03,
Ferdinand ,Trevor Noah: Son of Patricia,thumb,,2,iPad,2021-11-12 21:03:56,
Ferdinand ,"Lock, Stock and Two Smoking Barrels",thumb,,2,Android Phone,2021-11-03 23:41:49,
Ferdinand ,The American,thumb,,2,Android Phone,2021-10-07 09:28:45,
Ferdinand ,Reservoir Dogs,thumb,,2,iPad,2021-09-03 19:51:19,
Ferdinand ,The Highwaymen,thumb,,2,iPad,2021-09-03 19:50:39,
Ferdinand ,Maradona in Mexico,thumb,,2,Android Phone,2021-07-25 21:04:02,
Ferdinand ,Chappie,thumb,,2,iPad,2021-07-24 18:38:30,
Ferdinand ,Once Upon a Time in Hollywood,thumb,,2,iPad,2021-07-13 20:39:10,
Ferdinand ,Emily in Paris,thumb,,1,Android Phone,2021-06-14 19:58:36,
Ferdinand ,Murder Mystery,thumb,,2,Android Phone,2021-06-14 19:54:20,
Ferdinand ,Lupin,thumb,,2,Android Phone,2021-06-14 19:49:09,
Ferdinand ,The IT Crowd,thumb,,2,iPad,2021-06-12 11:33:46,
Ferdinand ,The Big Bang Theory,thumb,,0,iPad,2021-06-12 11:33:38,
Ferdinand ,The Hateful Eight,thumb,,2,iPad,2021-06-06 19:08:09,
Ferdinand ,The Treasure of the Silver Lake ,thumb,,2,Android Phone,2021-03-22 19:27:37,
Ferdinand ,Seven,thumb,,2,HTML 5,2021-02-18 22:03:19,
Ferdinand ,The Irishman,thumb,,2,Android Phone,2021-01-10 19:16:53,
Ferdinand ,Charlie and the Chocolate Factory,thumb,,2,HTML 5,2021-01-08 21:52:31,
Ferdinand ,Holmes & Watson,thumb,,2,HTML 5,2021-01-08 21:51:59,
Ferdinand ,The Bourne Identity,thumb,,2,HTML 5,2021-01-08 21:50:31,
Ferdinand ,Despicable Me,thumb,,2,HTML 5,2021-01-08 21:45:02,
Ferdinand ,The Da Vinci Code,thumb,,2,HTML 5,2021-01-08 21:44:03,
Ferdinand ,Murder on The Orient Express,thumb,,2,HTML 5,2021-01-08 21:43:19,
Ferdinand ,We're the Millers,thumb,,2,Android Phone,2021-01-06 14:36:26,
Ferdinand ,Argo,thumb,,2,Android Phone,2020-09-23 22:01:41,
Ferdinand ,Michael Che Matters,thumb,,2,Android Phone,2020-09-13 18:22:42,
Ferdinand ,Space Force,thumb,,2,Android Phone,2020-09-01 19:31:40,
Ferdinand ,Seth Meyers: Lobby Baby,thumb,,2,Android Phone,2020-09-01 19:30:23,
Ferdinand ,Knock Down The House,thumb,,2,Android Phone,2020-07-28 12:05:29,
Ferdinand ,V for Vendetta,thumb,,2,Android Phone,2020-07-26 22:17:21,
Ferdinand ,Mowgli: Legend of the Jungle,thumb,,2,Android Phone,2020-07-26 22:17:07,
Ferdinand ,Fantastic Beasts: The Crimes of Grindelwald,thumb,,2,Android Phone,2020-07-26 22:16:57,
Ferdinand ,American Sniper,thumb,,1,Android Phone,2020-07-26 22:15:55,
Ferdinand ,The Shawshank Redemption,thumb,,2,Android Phone,2020-07-26 22:13:59,
Ferdinand ,In Bruges,thumb,,2,Android Phone,2020-07-26 22:13:17,
Ferdinand ,The Wolf of Wall Street,thumb,,2,Android Phone,2020-07-26 12:44:50,
Ferdinand ,John Mulaney & The Sack Lunch Bunch,thumb,,2,HTML 5,2020-06-17 20:56:31,
Ferdinand ,John Mulaney: The Comeback Kid,thumb,,2,Android Phone,2020-05-24 23:21:32,
Ferdinand ,John Mulaney: Kid Gorgeous at Radio City,thumb,,2,Android Phone,2020-05-24 23:21:27,
Ferdinand ,The Imitation Game,thumb,,2,HTML 5,2020-05-07 14:17:23,
Ferdinand ,Too Hot to Handle,thumb,,2,Android Phone,2020-04-30 21:56:07,
Ferdinand ,Tiger King,thumb,,2,HTML 5,2020-04-08 22:14:16,
Ferdinand ,Taylor Tomlinson: Quarter-Life Crisis,thumb,,2,Android Phone,2020-03-30 18:44:36,
Ferdinand ,Markus Krebs: Hocker Rocker Live,thumb,,1,Android Phone,2020-03-28 19:40:49,
Ferdinand ,Jurassic Park,thumb,,2,Android Phone,2020-03-28 19:31:29,
Ferdinand ,Once Upon a Time... Life,thumb,,2,Android Phone,2020-03-28 19:25:00,
Ferdinand ,Les Misérables,thumb,,2,Android Phone,2020-03-17 18:39:19,
Ferdinand ,South Park,thumb,,2,Android Phone,2020-03-17 18:39:06,
Ferdinand ,Jack Whitehall: Travels with My Father,thumb,,2,Android Phone,2020-03-17 18:39:00,
Ferdinand ,Sherlock,thumb,,2,Android Phone,2020-03-17 18:38:18,
Ferdinand ,The Matrix Reloaded,thumb,,2,Android Phone,2020-03-17 18:38:03,
Ferdinand ,Batman Begins,thumb,,2,Android Phone,2020-03-17 18:37:35,
Ferdinand ,The Dark Knight,thumb,,2,Android Phone,2020-03-17 18:37:34,
Ferdinand ,The Two Popes,thumb,,2,Android Phone,2020-03-17 18:34:26,
Ferdinand ,The Good Place,thumb,,2,Android Phone,2020-02-27 23:16:20,
Ferdinand ,No Country for Old Men,thumb,,2,HTML 5,2020-02-15 22:40:55,
Ferdinand ,Behind the Curve,thumb,,2,Android Phone,2020-02-13 18:10:51,
Ferdinand ,Ocean's Eleven,thumb,,2,HTML 5,2019-08-04 20:17:24,
Ferdinand ,Troy,thumb,,2,HTML 5,2019-06-25 08:36:28,
Ferdinand ,Guardians of the Galaxy Vol. 2,thumb,,2,HTML 5,2019-01-27 15:15:42,
Ferdinand ,The Fifth Element,thumb,,2,HTML 5,2019-01-01 22:39:17,
Ferdinand ,Shaun of the Dead,thumb,,2,HTML 5,2019-01-01 22:39:12,
Ferdinand ,Der Tatortreiniger,thumb,,2,HTML 5,2019-01-01 22:35:28,
Ferdinand ,The Dictator,thumb,,2,HTML 5,2018-12-30 21:10:20,
Ferdinand ,The Departed,thumb,,2,Android Phone,2018-12-22 15:02:50,
Ferdinand ,"O Brother, where art thou?",thumb,,2,Android Phone,2018-12-22 15:00:29,
Ferdinand ,Deadpool,thumb,,2,Android Phone,2018-12-22 14:59:47,
Ferdinand ,Love Actually,thumb,,2,Android Phone,2018-12-22 14:59:32,
Ferdinand ,The Grand Budapest Hotel,thumb,,2,Android Phone,2018-12-22 14:58:38,
Ferdinand ,Fantastic Beasts and Where To Find Them,thumb,,2,Android Phone,2018-12-22 14:58:34,
Ferdinand ,King Kong,thumb,,2,HTML 5,2018-09-28 22:36:08,
Ferdinand ,Iron Man 2,thumb,,2,HTML 5,2018-09-28 22:34:38,
Ferdinand ,The Hitchhiker's Guide to the Galaxy,thumb,,2,HTML 5,2018-09-28 22:34:29,
Ferdinand ,Back to the Future Part II,thumb,,2,HTML 5,2018-09-28 22:34:24,
Ferdinand ,Men in Black,thumb,,2,HTML 5,2018-09-28 22:31:30,
Ferdinand ,The Incredibles,thumb,,2,HTML 5,2018-09-28 22:29:18,
Ferdinand ,Look Who's Back,thumb,,2,HTML 5,2018-09-28 22:26:04,
Ferdinand ,Mad Men,thumb,,2,HTML 5,2018-09-28 22:24:47,
Ferdinand ,Godzilla,thumb,,2,HTML 5,2018-09-28 22:22:35,
Ferdinand ,X-Men: First Class,thumb,,2,HTML 5,2018-09-28 22:21:58,
Ferdinand ,Django Unchained,thumb,,2,HTML 5,2018-09-28 22:21:37,
Ferdinand ,Captain America: The First Avenger,thumb,,2,HTML 5,2018-09-28 22:20:54,
Ferdinand ,Super 8,thumb,,2,HTML 5,2018-09-28 22:20:18,
Ferdinand ,Robin Hood,thumb,,2,HTML 5,2018-09-28 22:19:59,
Ferdinand ,The Dark Knight Rises,thumb,,2,HTML 5,2018-09-28 22:19:50,
Ferdinand ,Rogue One: A Star Wars Story,thumb,,2,HTML 5,2018-09-28 22:18:07,
Ferdinand ,New Girl,thumb,,2,HTML 5,2018-09-24 16:01:41,
Ferdinand ,Disenchantment,thumb,,2,Android Phone,2018-09-12 17:46:47,
Ferdinand ,Amok,thumb,,2,Android Phone,2018-09-11 19:04:02,
Ferdinand ,Rango,thumb,,2,Android Phone,2018-09-11 18:59:24,
Ferdinand ,The Lives of Others,thumb,,2,Android Phone,2018-09-11 18:52:59,
Ferdinand ,Brüno,thumb,,2,Android Phone,2018-09-11 18:49:45,
Ferdinand ,Brooklyn Nine-Nine,thumb,,2,HTML 5,2018-07-31 15:41:21,
Ferdinand ,Das Wunder von Bern,thumb,,2,Android Phone,2018-07-24 20:05:15,
Ferdinand ,The Hangover,thumb,,2,Android Phone,2018-07-16 18:01:31,
Ferdinand ,The Hangover: Part II,thumb,,2,Android Phone,2018-07-16 18:01:27,
Ferdinand ,Stromberg,thumb,,2,Android Phone,2018-07-16 18:00:22,
Ferdinand ,Neues vom Wixxer,thumb,,2,Android Phone,2018-07-16 17:59:55,
Ferdinand ,Der Wixxer,thumb,,2,Android Phone,2018-07-16 17:59:52,
Ferdinand ,Monty Python's Life of Brian,thumb,,2,Android Phone,2018-07-16 17:58:51,
Ferdinand ,Yes Man,thumb,,2,Android Phone,2018-04-28 16:05:28,
Ferdinand ,Jimmy Carr: Funny Business,thumb,,2,HTML 5,2018-03-16 16:48:37,
Ferdinand ,Ricky Gervais: Humanity,thumb,,2,HTML 5,2018-03-16 16:48:12,
Ferdinand ,Guardians of the Galaxy,thumb,,2,HTML 5,2018-03-14 15:19:04,
Ferdinand ,The Brothers Grimsby,thumb,,2,Android Phone,2018-02-12 06:33:32,
Ferdinand ,American Hustle,thumb,,2,HTML 5,2018-01-30 19:37:09,
Ferdinand ,Suck Me Shakespeer,thumb,,2,Android Phone,2018-01-23 19:46:36,
Ferdinand ,The End of the F***ing World,thumb,,2,Android Phone,2018-01-17 11:53:07,
Ferdinand ,Star Wars: Episode III: Revenge of the Sith,thumb,,2,Android Phone,2018-01-13 19:13:44,
Ferdinand ,Star Wars: Episode I: The Phantom Menace,thumb,,2,Android Phone,2018-01-13 19:13:40,
Ferdinand ,Percy Jackson & the Olympians: The Lightning Thief,thumb,,2,Android Phone,2018-01-13 19:13:30,
Ferdinand ,Star Wars: Episode V: The Empire Strikes Back,thumb,,2,HTML 5,2017-12-15 18:46:26,
Ferdinand ,Iron Sky,thumb,,2,Android Phone,2017-12-10 00:27:53,
Ferdinand ,Inglourious Basterds,thumb,,2,Android Phone,2017-12-10 00:14:25,
Ferdinand ,Bang Boom Bang - Ein todsicheres Ding,thumb,,2,Android Phone,2017-12-08 22:54:49,
Ferdinand ,Misfits,thumb,,2,HTML 5,2017-10-27 18:35:39,
Ferdinand ,Star Wars: Return of the Jedi,thumb,,2,HTML 5,2017-10-27 18:35:19,
Ferdinand ,How I Met Your Mother,thumb,,2,HTML 5,2017-10-08 15:05:10,
Ferdinand ,Big Mouth,thumb,,2,HTML 5,2017-09-30 20:08:31,
Ferdinand ,That '70s Show,thumb,,2,HTML 5,2017-09-29 12:55:46,
Ferdinand ,The Matrix,thumb,,2,HTML 5,2017-09-02 17:48:18,
Ferdinand ,The Transporter,thumb,,2,Android Phone,2017-09-01 08:18:53,
Ferdinand ,The Italian Job,thumb,,2,Android Phone,2017-09-01 08:18:41,
Ferdinand ,Ocean's Twelve,thumb,,2,Android Phone,2017-09-01 08:18:33,
Ferdinand ,The Social Network,thumb,,2,Android Phone,2017-09-01 08:18:26,
Ferdinand ,Saving Private Ryan,thumb,,2,Android Phone,2017-09-01 08:16:46,
Ferdinand ,Forrest Gump,thumb,,2,Android Phone,2017-09-01 08:16:38,
Ferdinand ,Inception,thumb,,2,Android Phone,2017-09-01 08:16:27,
Ferdinand ,The Great Gatsby,thumb,,2,Android Phone,2017-09-01 08:16:22,
Ferdinand ,Lawrence of Arabia: Restored Version,thumb,,2,Android Phone,2017-08-31 19:20:16,
Ferdinand ,Kill Bill: Vol. 2,thumb,,2,Android Phone,2017-08-31 19:19:50,
Ferdinand ,Kill Bill: Vol. 1,thumb,,2,Android Phone,2017-08-31 19:19:46,
Ferdinand ,The Men Who Stare at Goats,thumb,,2,Android Phone,2017-08-31 19:19:43,
Ferdinand ,Fight Club,thumb,,2,Android Phone,2017-08-31 19:19:37,
Ferdinand ,Pulp Fiction,thumb,,2,Android Phone,2017-08-31 19:19:33,
Ferdinand ,Archer,thumb,,2,HTML 5,2017-08-29 20:36:12,
Ferdinand ,Ocean's Thirteen,thumb,,2,HTML 5,2017-08-29 20:35:47,
Ferdinand ,Top Gun,thumb,,2,HTML 5,2017-08-04 20:13:42,
Ferdinand ,Doctor Who,thumb,,2,HTML 5,2017-07-25 15:13:02,
Ferdinand ,The Last Samurai,thumb,,2,HTML 5,2017-07-20 17:50:12,
Ferdinand ,Full Metal Jacket,thumb,,2,Android Phone,2017-06-17 18:07:42,
Ferdinand ,30 Minutes or Less,thumb,,2,Android Phone,2017-06-17 17:54:36,
Ferdinand ,Police Academy,thumb,,2,Android Phone,2017-06-17 17:52:57,
Ferdinand ,House of Cards,thumb,,2,Android Phone,2017-05-31 22:32:54,
Ferdinand ,"Good Morning, Vietnam",thumb,,2,Android Phone,2017-05-01 12:34:46,
Ferdinand ,22 Jump Street,thumb,,2,Android Phone,2017-05-01 10:39:57,
Ferdinand ,2001: A Space Odyssey,thumb,,2,HTML 5,2017-04-30 14:51:24,
Ferdinand ,GoodFellas,thumb,,2,HTML 5,2017-04-30 14:50:57,
Ferdinand ,A Clockwork Orange,thumb,,2,HTML 5,2017-04-29 23:49:10,
Ferdinand ,The Godfather,thumb,,2,HTML 5,2017-04-29 23:48:17,
Ferdinand ,Breakfast at Tiffany's,thumb,,2,HTML 5,2017-04-29 23:48:13,
Ferdinand ,American Pie 2,thumb,,2,HTML 5,2017-04-21 15:32:29,
Ferdinand ,Project X,thumb,,2,HTML 5,2017-04-19 18:49:48,
Ferdinand ,The Big Lebowski,thumb,,2,HTML 5,2017-04-19 18:49:41,
Ferdinand ,Sex and the City 2,thumb,,1,HTML 5,2017-04-19 18:48:56,
Ferdinand ,Sex and the City: The Movie,thumb,,1,HTML 5,2017-04-19 18:48:31,
Ferdinand ,Family Guy,thumb,,2,Android Phone,2017-04-17 21:03:23,
Ferdinand ,Top Gear,thumb,,2,Android Phone,2017-04-17 21:02:55,
Ferdinand ,Hot Fuzz,thumb,,2,HTML 5,2017-04-13 21:23:40,
Ferdinand ,American Sniper,star,2,1,Android Phone,2017-03-18 22:43:14,
Ferdinand ,Shadowhunters: The Mortal Instruments,star,5,2,Android Phone,2017-02-28 14:49:20,2017-02-28
Ferdinand ,The King of Comedy,star,4,2,Android Phone,2016-12-14 07:16:52,2016-12-13
Ferdinand ,Ocean's Eleven,star,5,2,Android Phone,2016-12-12 22:24:28,2016-08-21
Ferdinand ,The Social Network,star,4,2,Android Phone,2016-12-12 22:24:19,
Ferdinand ,Breaking Bad,star,5,2,Android Phone,2016-12-12 22:24:12,
Ferdinand ,Hellboy,star,4,2,Android Phone,2016-12-12 22:23:45,
Ferdinand ,Wall Street,star,4,2,Android Phone,2016-12-12 22:22:45,
Ferdinand ,Family Guy,star,4,2,Android Phone,2016-12-01 22:17:51,2016-11-27
Ferdinand ,"Dr. Psycho: Die Bösen, die Bullen, meine Frau und ich",star,4,2,Android,2016-11-29 23:22:07,2016-11-28
Ferdinand ,Guardians of the Galaxy,star,3,2,Android,2016-11-01 20:59:31,2016-11-01
Ferdinand ,Serdar Somuncu - Der Hassprediger liest BILD,star,4,2,Android,2016-10-08 18:26:37,2016-08-03
Ferdinand ,Die Hard with a Vengeance,star,4,2,HTML 5,2016-10-07 20:59:09,
Ferdinand ,Lethal Weapon,star,3,2,HTML 5,2016-10-07 20:58:48,2016-10-07
Ferdinand ,Mr. & Mrs. Smith,star,3,2,Android,2016-10-06 12:31:38,2016-10-05
Ferdinand ,American Beauty,star,3,2,Android,2016-10-02 18:52:00,
Ferdinand ,Argo,star,5,2,HTML 5,2016-10-01 19:14:56,2016-10-01
Ferdinand ,Equilibrium,star,3,2,Android,2016-09-14 20:39:45,
Ferdinand ,Apocalypse Now,star,5,2,Android,2016-09-14 20:25:56,
Ferdinand ,The Expendables 2,star,5,2,Android,2016-09-14 20:24:20,
Ferdinand ,Perfume: The Story of a Murderer,star,3,2,Android,2016-09-14 16:12:21,2016-09-14
Ferdinand ,That '70s Show,star,4,2,Android,2016-09-12 19:29:18,2016-09-11
Ferdinand ,Hot Fuzz,star,5,2,iPad,2016-09-06 13:06:04,
Ferdinand ,Untouchable,star,5,2,Android,2016-08-26 11:44:06,2016-03-27
Ferdinand ,The Illusionist,star,4,2,Android,2016-08-26 11:42:45,
Ferdinand ,The Da Vinci Code,star,4,2,Android,2016-08-26 11:42:32,
Ferdinand ,The Hitchhiker's Guide to the Galaxy,star,4,2,Android,2016-08-26 11:41:59,
Ferdinand ,The Dark Knight,star,5,2,Android,2016-08-26 11:39:55,
Ferdinand ,New Girl,star,2,1,Android,2016-08-26 11:37:41,
Ferdinand ,Ocean's Twelve,star,4,2,iPad,2016-08-24 18:43:21,
Ferdinand ,Doctor Who,star,5,2,Android,2016-08-22 18:58:38,
Ferdinand ,Sharknado 3,star,5,2,Android,2016-08-22 12:19:35,
Ferdinand ,Project X,star,4,2,Android,2016-08-22 12:17:21,
Ferdinand ,Elser,star,5,2,iPad,2016-08-03 18:56:19,2016-08-03
Ferdinand ,Neue Vahr Süd,star,4,2,iPad,2016-08-03 08:56:02,2016-08-03
Ferdinand ,22 Bullets,star,5,2,iPad,2016-07-26 18:40:05,
Ferdinand ,The Big Lebowski,star,5,2,iPad,2016-07-26 18:29:17,
Ferdinand ,Sherlock,star,5,2,iPad,2016-07-26 18:24:29,2016-05-27
Ferdinand ,The Lego Movie,star,5,2,iPad,2016-07-25 11:18:03,
Ferdinand ,Saving Private Ryan,star,5,2,iPad,2016-07-25 11:11:16,
Ferdinand ,Django Unchained,star,5,2,iPad,2016-07-25 11:10:07,
Ferdinand ,Grimm,star,5,2,iPad,2016-07-25 11:06:13,
Ferdinand ,Mad Men,star,5,2,HTML 5,2016-07-07 12:17:41,
Ferdinand ,Gossip Girl,star,1,1,HTML 5,2016-07-07 12:14:41,2016-07-04
Ferdinand ,Sharktopus,star,4,2,HTML 5,2015-08-15 20:20:44,2015-08-15
Ferdinand ,Hannibal,star,5,2,Android,2015-08-13 14:34:24,2015-08-13
Ferdinand ,No Country for Old Men,star,5,2,Android,2015-07-29 14:09:38,2015-07-29
Ferdinand ,Fleming: The Man Who Would Be Bond,star,5,2,Apple TV,2015-07-28 22:03:55,2015-06-24
Ferdinand ,Constantine,star,4,2,Apple TV,2015-07-28 22:03:36,2015-06-16
Ferdinand ,Basic Instinct,star,5,2,Apple TV,2015-07-28 22:03:21,2015-07-28
Ferdinand ,Hotel Rwanda,star,5,2,Apple TV,2015-07-28 22:02:37,
Ferdinand ,It's a Boy Girl Thing,star,1,1,Android,2015-07-26 23:38:00,2015-07-27
Ferdinand ,Dallas Buyers Club,star,5,2,Android,2015-07-15 21:43:05,2015-07-15
Ferdinand ,Act of Valor,star,5,2,Android,2015-07-13 17:48:19,
Ferdinand ,The Expendables,star,5,2,Android,2015-07-13 17:47:51,
Ferdinand ,Top Gear: The Perfect Road Trip,star,5,2,Android,2015-07-11 20:45:15,
Ferdinand ,SpongeBob SquarePants,star,5,2,Android,2015-07-11 20:42:53,
Ferdinand ,Jack and Jill,star,1,1,Android,2015-07-11 20:41:48,
Ferdinand ,The Dictator,star,5,2,Android,2015-07-11 20:41:31,
Ferdinand ,The Great Gatsby,star,5,2,Android,2015-07-07 17:18:55,
Ferdinand ,Pirates of the Caribbean: On Stranger Tides,star,3,2,Apple TV,2015-06-17 20:10:47,
Ferdinand ,Pirates of the Caribbean: Dead Man's Chest,star,4,2,Laptop/Desktop,2015-05-02 18:01:00,
Ferdinand ,21 Jump Street,star,3,2,Laptop/Desktop,2015-05-02 17:59:22,2014-11-07
Ferdinand ,Tropic Thunder,star,2,1,Laptop/Desktop,2015-05-02 17:59:17,
Ferdinand ,The Transporter,star,5,2,Laptop/Desktop,2015-05-02 17:56:06,
Ferdinand ,The League of Extraordinary Gentlemen,star,4,2,Laptop/Desktop,2015-05-02 17:55:53,
Ferdinand ,Back to the Future Part III,star,5,2,Laptop/Desktop,2015-05-02 17:55:46,2015-02-17
Ferdinand ,Green Lantern,star,3,2,Laptop/Desktop,2015-05-02 17:55:44,
Ferdinand ,"O Brother, where art thou?",star,4,2,Laptop/Desktop,2015-05-02 17:55:38,2015-02-15
Ferdinand ,Troy,star,5,2,Laptop/Desktop,2015-05-02 17:55:32,
Ferdinand ,Catch Me If You Can,star,5,2,Laptop/Desktop,2015-05-02 17:55:31,
Ferdinand ,Kill Bill: Vol. 2,star,5,2,Laptop/Desktop,2015-05-02 17:55:24,2015-01-18
Ferdinand ,The Matrix Revolutions,star,5,2,Laptop/Desktop,2015-05-02 17:55:21,
Ferdinand ,Starsky & Hutch,star,3,2,Laptop/Desktop,2015-05-02 17:55:17,
Ferdinand ,Inception,star,5,2,Laptop/Desktop,2015-05-02 17:55:04,
Ferdinand ,Memento,star,4,2,Laptop/Desktop,2015-05-02 17:54:51,
Ferdinand ,Reservoir Dogs,star,5,2,Laptop/Desktop,2015-05-02 17:54:46,2015-04-27
Ferdinand ,The Proposal,star,1,1,Laptop/Desktop,2015-05-02 17:54:37,
Ferdinand ,Valentine's Day,star,1,1,Laptop/Desktop,2015-05-02 17:54:19,2015-03-20
Ferdinand ,Meet the Parents,star,1,1,Laptop/Desktop,2015-05-02 17:54:04,
Ferdinand ,Meet the Fockers,star,1,1,Laptop/Desktop,2015-05-02 17:54:01,
Ferdinand ,The Man Who Knew Too Little,star,3,2,Laptop/Desktop,2015-05-02 17:53:56,2015-04-20
Ferdinand ,Austin Powers: International Man of Mystery,star,5,2,Laptop/Desktop,2015-05-02 17:53:46,2015-04-20
Ferdinand ,Ghostbusters,star,4,2,Laptop/Desktop,2015-05-02 17:53:45,2015-04-14
Ferdinand ,Back to the Future,star,5,2,Laptop/Desktop,2015-05-02 17:53:38,2015-03-15
Ferdinand ,Thor,star,3,2,Laptop/Desktop,2015-05-02 17:53:21,
Ferdinand ,The Avengers,star,4,2,Laptop/Desktop,2015-05-02 17:53:19,
Ferdinand ,Megamind,star,3,2,Laptop/Desktop,2015-05-02 17:53:10,2015-02-17
Ferdinand ,Captain America: The First Avenger,star,3,2,Laptop/Desktop,2015-05-02 17:53:07,
Ferdinand ,The Mask,star,1,1,Laptop/Desktop,2015-05-02 17:52:55,2015-02-20
Ferdinand ,Ghostbusters 2,star,4,2,Laptop/Desktop,2015-05-02 17:52:40,2015-04-14
Ferdinand ,The Matrix Reloaded,star,5,2,Laptop/Desktop,2015-05-02 17:52:28,
Ferdinand ,"The Good, the Bad and the Ugly",star,5,2,Laptop/Desktop,2015-05-02 17:50:58,2014-11-21
Ferdinand ,Fight Club,star,5,2,Laptop/Desktop,2015-05-02 17:48:43,2015-01-03
Ferdinand ,V for Vendetta,star,5,2,Laptop/Desktop,2015-05-02 17:48:37,2014-11-09
Ferdinand ,Kill Bill: Vol. 1,star,5,2,Laptop/Desktop,2015-05-02 17:48:23,2015-04-19
Ferdinand ,Pretty Little Liars,star,1,1,Android,2015-04-30 20:18:31,
Ferdinand ,Jazzclub - Der frühe Vogel fängt den Wurm,star,5,2,Android,2015-04-23 20:42:54,2015-03-18
Ferdinand ,Paul Blart: Mall Cop,star,1,1,Laptop/Desktop,2015-04-23 13:52:16,
Ferdinand ,Sharknado,star,5,2,Laptop/Desktop,2015-04-23 13:50:07,2015-02-27
Ferdinand ,Bowling for Columbine,star,5,2,Android,2015-04-21 16:55:04,2015-04-21
Ferdinand ,High School Musical 3: Senior Year,star,1,1,Android,2015-04-15 06:19:31,2015-03-21
Ferdinand ,The Twilight Saga: Breaking Dawn: Part 1,star,-1,1,Laptop/Desktop,2015-04-04 15:11:24,2015-03-21
Ferdinand ,Forrest Gump,star,5,2,Android,2015-04-03 19:57:31,
Ferdinand ,Sharknado 2: The Second One,star,5,2,Android,2015-04-03 18:05:46,
Ferdinand ,The Matrix,star,5,2,Unknown,2015-04-02 21:36:24,2015-04-02
Ferdinand ,He's Just Not That Into You,star,1,1,Unknown,2015-04-02 21:36:16,2015-03-20
Ferdinand ,Top Gear,star,5,2,Android,2015-02-01 22:01:29,2015-02-01
Ferdinand ,Rush Hour,star,3,2,Unknown,2015-01-23 14:50:48,2015-01-22
Ferdinand ,Stromberg,star,5,2,Android,2015-01-22 17:59:34,2015-01-20
Ferdinand ,The Italian Job,star,5,2,Android,2015-01-22 17:58:41,
Ferdinand ,Skyfall,star,5,2,Android,2015-01-22 17:58:34,2014-11-06
Ferdinand ,The Godfather: Part III,star,3,2,Android,2015-01-22 17:54:58,2015-01-22
Ferdinand ,The Godfather: Part II,star,4,2,Android,2015-01-22 17:54:47,2015-01-21
Ferdinand ,The Godfather,star,5,2,Android,2015-01-22 17:54:33,
Ferdinand ,Borat,star,5,2,Android,2015-01-03 12:29:46,2015-01-03
Ferdinand ,Love Actually,star,3,2,Unknown,2014-12-08 16:43:06,2014-12-06
Ferdinand ,Pulp Fiction,star,5,2,Laptop/Desktop,2014-12-06 13:26:40,
Ferdinand ,House of Cards,star,4,2,Unknown,2014-12-06 13:26:26,2014-12-06
Ferdinand ,Archer,star,5,2,Unknown,2014-12-06 13:25:29,2014-12-03
Ferdinand ,How I Met Your Mother,star,3,2,Unknown,2014-12-06 13:25:20,2014-12-05
Ferdinand ,Bang Boom Bang - Ein todsicheres Ding,star,4,2,Unknown,2014-12-06 13:24:27,2014-12-01
Ferdinand ,Misfits,star,5,2,Android,2014-11-22 14:09:40,2014-11-21
Tim,Léon: The Professional,thumb,,3,iPhone,2023-01-16 19:32:20,
Tim,Her,thumb,,3,iPhone,2023-01-16 19:32:10,
Tim,My Octopus Teacher,thumb,,2,MVPD STB,2022-12-29 21:43:09,
Tim,DAHMER,thumb,,2,iPad,2022-12-20 13:47:02,
Tim,The Noel Diary,thumb,,1,iPhone,2022-12-04 00:13:34,
Tim,Call Me by Your Name,thumb,,3,HTML 5,2022-10-18 19:05:34,
Tim,Lion,thumb,,2,HTML 5,2022-10-18 19:03:25,
Tim,Dunkirk,thumb,,3,HTML 5,2022-10-18 19:02:04,
Tim,Never Look Away,thumb,,3,iPad,2022-09-27 23:23:41,
Tim,25 KM/H,thumb,,2,iPhone,2022-08-24 19:40:20,
Tim,The Italian Job,thumb,,3,iPad,2022-05-31 20:31:41,
Tim,The Departed,thumb,,3,iPad,2022-05-31 20:31:33,
Tim,The Dark Knight Rises,thumb,,2,iPad,2022-05-31 20:31:24,
Tim,The Dark Knight,thumb,,3,iPad,2022-05-31 20:31:13,
Tim,Batman Begins,thumb,,2,iPad,2022-05-31 20:31:05,
Tim,American Psycho,thumb,,2,iPad,2022-05-31 20:30:57,
Tim,The Ballad of Buster Scruggs,thumb,,3,iPad,2022-05-31 20:30:50,
Tim,Munich – The Edge of War,thumb,,2,iPad,2022-04-14 19:58:51,
Tim,Queer Eye Germany,thumb,,2,iPad,2022-04-14 19:58:19,
Tim,The Lost Daughter,thumb,,2,iPhone,2022-01-13 22:48:26,
Tim,Don't Look Up,thumb,,2,iPhone,2022-01-10 15:36:10,
Tim,Shiny_Flakes: The Teenage Drug Lord,thumb,,2,HTML 5,2021-08-17 18:55:54,
Tim,1917,thumb,,2,iPhone,2021-08-16 11:03:28,
Tim,How to Sell Drugs Online (Fast),thumb,,2,iPad,2021-08-01 20:40:20,
Tim,From Hell,thumb,,1,HTML 5,2021-07-25 19:02:05,
Tim,Once Upon a Time in Hollywood,thumb,,2,iPhone,2021-07-15 20:51:56,
Tim,The Serpent,thumb,,2,iPad,2021-06-17 09:14:24,
Tim,The Imitation Game,thumb,,2,iPhone,2021-03-06 15:10:55,
Tim,"Three Billboards Outside Ebbing, Missouri",thumb,,1,HTML 5,2021-01-23 19:41:37,
Tim,The White Tiger,thumb,,2,iPhone,2021-01-22 18:47:05,
Tim,Seven Years in Tibet,thumb,,2,iPad,2021-01-17 19:53:43,
Tim,The Shape of Water,thumb,,2,iPad,2021-01-02 19:46:51,
Tim,Red Sparrow,thumb,,2,iPad,2021-01-02 19:46:31,
Tim,Elser,thumb,,2,iPhone,2020-11-16 20:31:06,
Tim,The Queen's Gambit,thumb,,2,iPhone,2020-11-13 23:18:40,
Tim,Borat,thumb,,2,HTML 5,2020-11-01 20:13:37,
Tim,The Trial of the Chicago 7,thumb,,2,HTML 5,2020-10-31 19:47:25,
Tim,Rising High,thumb,,2,iPhone,2020-10-22 20:19:35,
Tim,Sixteen Candles,thumb,,1,iPhone,2020-10-22 20:15:42,
Tim,The Breakfast Club,thumb,,2,HTML 5,2020-09-25 22:10:22,
Tim,The Theory of Everything,thumb,,2,HTML 5,2020-09-06 19:13:15,
Tim,Sleepless in Seattle,thumb,,1,HTML 5,2020-08-26 17:38:51,
Tim,Captain Phillips,thumb,,2,HTML 5,2020-07-10 15:10:28,
Tim,Catch Me If You Can,thumb,,2,HTML 5,2020-07-10 15:07:43,
Tim,The Wolf of Wall Street,thumb,,2,HTML 5,2020-07-10 15:02:32,
Tim,Children of Men,thumb,,2,HTML 5,2020-07-10 15:02:10,
Tim,The Social Network,thumb,,2,HTML 5,2020-07-10 15:00:29,
Tim,Spotlight,thumb,,2,iPhone,2020-07-04 19:59:52,
Tim,The Meyerowitz Stories (New and Selected),thumb,,1,iPhone,2020-07-04 19:59:10,
Tim,Adú,thumb,,2,iPhone,2020-07-04 19:58:32,
Tim,The Shawshank Redemption,thumb,,2,iPhone,2020-06-03 19:07:24,
Tim,Tiger King,thumb,,2,HTML 5,2020-04-03 20:24:12,
Tim,Unorthodox,thumb,,2,HTML 5,2020-03-30 19:54:02,
Tim,System Crasher,thumb,,2,Android Phone,2020-03-21 20:41:09,
Tim,Operation Finale,thumb,,2,Android Phone,2020-03-17 17:48:23,
Tim,The Revenant,thumb,,2,Android Phone,2020-03-17 17:48:12,
Tim,Defiance,thumb,,2,Android Phone,2020-03-17 17:48:02,
Tim,Green Book,thumb,,2,HTML 5,2020-03-11 21:20:21,
Tim,Earthquake Bird,thumb,,2,Android Phone,2020-02-01 20:06:44,
Tim,Marriage Story,thumb,,2,Android Phone,2020-02-01 20:06:23,
Tim,The People vs. Fritz Bauer,thumb,,2,Android Phone,2019-10-18 18:25:41,
Tim,Right Here Right Now,thumb,,2,HTML 5,2019-10-08 18:11:25,
Tim,Victoria,thumb,,2,HTML 5,2019-10-08 18:11:05,
Tim,Mad Max: Fury Road,thumb,,2,HTML 5,2019-10-08 18:10:52,
Tim,Hacksaw Ridge,thumb,,2,HTML 5,2019-10-08 18:07:30,
Tim,Same Same but Different,thumb,,2,Android Phone,2019-10-06 22:02:36,
Tim,The Motorcycle Diaries,thumb,,2,Android Phone,2019-09-26 19:58:52,
Tim,21 Grams,thumb,,2,Android Phone,2019-09-25 22:02:57,
Tim,The Boy Who Harnessed the Wind,thumb,,2,Android Tablet,2019-09-25 16:07:05,
Tim,Into the Wild,thumb,,2,Android Tablet,2019-09-25 16:06:57,
Tim,Transit,thumb,,2,Android Tablet,2019-09-25 16:00:52,
Tim,Falco,thumb,,2,Android Tablet,2019-09-25 16:00:22,
Tim,Sense8,thumb,,1,HTML 5,2019-09-20 21:22:36,
Tim,Interstellar,thumb,,2,HTML 5,2019-09-20 21:22:18,
Tim,Babel,thumb,,2,HTML 5,2019-09-20 21:08:18,
Tim,The Truman Show,thumb,,1,HTML 5,2019-09-15 21:31:01,
Tim,Birdman or (The Unexpected Virtue of Ignorance),thumb,,2,HTML 5,2019-09-15 21:30:24,
Tim,Moonlight,thumb,,2,HTML 5,2019-09-15 21:29:41,
Tim,Lost in Translation,thumb,,2,HTML 5,2019-09-14 18:24:11,
Tim,Inglourious Basterds,thumb,,2,HTML 5,2019-09-14 18:17:56,
Tim,The Lives of Others,thumb,,2,Android Phone,2019-09-05 21:54:56,
Tim,Night Train to Lisbon,thumb,,2,Android Phone,2019-09-01 10:12:33,
Tim,Casino,thumb,,2,Android Tablet,2019-08-02 10:50:00,
Tim,FYRE: The Greatest Party That Never Happened,thumb,,2,HTML 5,2019-01-25 21:07:07,
Tim,Sex Education,thumb,,2,HTML 5,2019-01-25 17:28:27,
Tim,You,thumb,,2,HTML 5,2019-01-04 13:39:57,
Tim,White Girl,thumb,,2,Android Tablet,2018-12-27 22:35:16,
Tim,The Sinner,thumb,,2,HTML 5,2018-11-04 18:04:49,
Tim,The Artist,thumb,,2,HTML 5,2018-08-15 22:19:38,
Tim,Saving Private Ryan,thumb,,2,HTML 5,2018-08-15 22:19:16,
Tim,Django Unchained,thumb,,2,HTML 5,2018-08-15 22:18:35,
Tim,Black Swan,thumb,,2,HTML 5,2018-08-15 22:16:36,
Tim,Inception,thumb,,2,HTML 5,2018-08-15 22:15:36,
Tim,The Great Gatsby,thumb,,2,HTML 5,2018-08-15 22:13:28,
Tim,Gran Torino,thumb,,2,HTML 5,2018-08-15 22:11:07,
Tim,Fucking Berlin,thumb,,2,HTML 5,2018-07-15 21:41:10,
Tim,MINDHUNTER,thumb,,2,Android Phone,2018-01-28 21:00:16,
Tim,Gladiator,thumb,,2,HTML 5,2017-12-14 17:45:48,
Tim,Narcos,thumb,,2,Android Phone,2017-10-04 19:16:47,
Tim,Breaking Bad,thumb,,2,Windows 8,2017-07-18 11:44:26,
Tim,Bates Motel,thumb,,2,HTML 5,2017-07-15 17:53:58,
Tim,Requiem for a Dream,thumb,,2,HTML 5,2017-07-14 15:29:31,
Tim,Pulp Fiction,thumb,,2,HTML 5,2017-07-14 15:26:59,
Tim,13 Reasons Why,thumb,,2,Android Phone,2017-05-13 23:26:33,
Tim,Better Call Saul,thumb,,2,Android Phone,2017-05-03 21:07:52,
Tim,Mad Men,thumb,,2,Xbox,2017-04-20 20:56:11,
Tim,Peaky Blinders,thumb,,2,Xbox,2017-04-20 20:53:42,
Tim,White Girl,star,4,2,Android Phone,2017-03-11 01:19:17,2017-02-14
Tim,Fight Club,star,5,2,HTML 5,2016-12-19 16:25:39,
Tim,GoodFellas,star,5,2,HTML 5,2016-12-15 19:43:36,
Tim,Drive,star,5,2,HTML 5,2016-12-15 19:43:18,
Tim,Children of Men,star,5,2,HTML 5,2016-12-15 19:41:54,
Tim,Cowspiracy: The Sustainability Secret,star,5,2,Xbox,2016-11-13 23:05:28,2016-11-13
Tim,The Big Short,star,3,2,Xbox,2016-11-13 15:18:52,2016-11-11
Tim,Ku'damm 56,star,5,2,Xbox,2016-10-16 22:13:21,2016-10-16
Tim,Victoria,star,5,2,Xbox,2016-09-10 19:54:55,
Tim,Pulp Fiction,star,5,2,Xbox,2016-09-10 19:38:22,
Tim,Limitless,star,3,2,Xbox,2016-09-10 19:38:03,
Tim,Pretty Little Liars,star,1,1,Android,2016-01-26 05:14:26,2015-08-25
Tim,Project X,star,4,2,Android,2016-01-26 05:12:07,
Tim,Gran Torino,star,5,2,Android,2016-01-26 05:06:20,
Tim,Love/Hate,star,4,2,Android,2015-09-27 22:14:27,2015-09-27
Tim,End of Watch,star,4,2,Android,2015-09-27 22:14:16,2015-09-17
Tim,Lawless,star,4,2,Windows 8,2015-09-16 20:39:46,2015-09-16
Tim,Better Call Saul,star,4,2,Android,2015-09-01 20:46:56,2015-04-07
Tim,Narcos,star,5,2,Android,2015-09-01 20:46:49,2015-09-01
Tim,Scarface,star,5,2,Android,2015-09-01 20:46:41,2015-08-31
Tim,American Gangster,star,5,2,Android,2015-08-31 14:53:39,2015-04-03
Tim,Master of the Universe,star,4,2,Xbox,2015-08-14 21:50:54,
Tim,Fleming: The Man Who Would Be Bond,star,5,2,Xbox,2015-08-13 19:49:34,2015-08-13
Tim,Misfits,star,5,2,Xbox,2015-08-11 22:10:39,2015-07-31
Tim,The Great Gatsby,star,5,2,Set Top Box,2015-07-06 23:45:15,2015-07-06
Tim,Chef's Table,star,5,2,Xbox,2015-06-02 23:00:21,2015-06-02
Tim,Forrest Gump,star,5,2,Xbox,2015-04-09 20:36:09,2015-04-09
Tim,Slumdog Millionaire,star,4,2,Set Top Box,2015-04-02 20:56:28,2015-04-02
Tim,Video Games: The Movie,star,4,2,Laptop/Desktop,2015-03-15 14:34:22,2015-02-16
Tim,Orphan Black,star,5,2,Unknown,2015-01-20 18:36:42,2015-01-20
Tim,Der Tatortreiniger,star,3,2,Laptop/Desktop,2015-01-20 18:36:14,2015-01-20
Tim,A Year in Burgundy,star,4,2,Unknown,2015-01-02 23:45:19,2014-11-19
Tim,Mr. & Mrs. Smith,star,-2,0,Laptop/Desktop,2015-01-02 23:31:00,2014-11-02
Tim,The Matrix Reloaded,star,-2,0,Laptop/Desktop,2015-01-02 23:30:58,
Tim,Meet the Parents,star,-2,0,Laptop/Desktop,2015-01-02 23:30:56,
Tim,Archer,star,-2,0,Laptop/Desktop,2015-01-02 23:30:51,2015-01-02
Tim,Dirty Dancing,star,-2,0,Laptop/Desktop,2015-01-02 23:30:49,
Tim,Meet the Fockers,star,-2,0,Laptop/Desktop,2015-01-02 23:30:47,
Tim,Road to Perdition,star,-2,0,Laptop/Desktop,2015-01-02 23:30:43,
Tim,The Transporter,star,5,2,Laptop/Desktop,2015-01-02 23:30:05,
Tim,28 Days Later,star,-2,0,Laptop/Desktop,2015-01-02 23:29:47,
Tim,Hotel Rwanda,star,5,2,Unknown,2015-01-02 23:28:58,
Tim,Taxi Driver,star,-2,0,Laptop/Desktop,2015-01-02 23:28:42,
Tim,"O Brother, where art thou?",star,-2,0,Laptop/Desktop,2015-01-02 23:28:39,
Tim,The Terminal,star,-2,0,Laptop/Desktop,2015-01-02 23:28:35,
Tim,12 Monkeys,star,-2,0,Laptop/Desktop,2015-01-02 23:28:33,
Tim,Borat,star,-2,0,Laptop/Desktop,2015-01-02 23:28:31,
Tim,Sin City,star,-2,0,Laptop/Desktop,2015-01-02 23:28:28,
Tim,Anchorman: The Legend of Ron Burgundy,star,-2,0,Laptop/Desktop,2015-01-02 23:28:26,2014-10-24
Tim,Ghostbusters 2,star,-2,0,Laptop/Desktop,2015-01-02 23:28:24,
Tim,Shark Tale,star,-2,0,Laptop/Desktop,2015-01-02 23:28:21,
Tim,Shaun of the Dead,star,-2,0,Laptop/Desktop,2015-01-02 23:28:18,2014-11-01
Tim,Ray,star,-2,0,Laptop/Desktop,2015-01-02 23:28:15,
Tim,Saw,star,-2,0,Laptop/Desktop,2015-01-02 23:28:12,2014-12-27
Tim,xXx,star,-2,0,Laptop/Desktop,2015-01-02 23:28:10,
Tim,Pirates of the Caribbean: The Curse of the Black Pearl,star,-2,0,Laptop/Desktop,2015-01-02 23:28:04,
Tim,Kill Bill: Vol. 2,star,-2,0,Laptop/Desktop,2015-01-02 23:28:02,
Tim,Old School,star,-2,0,Laptop/Desktop,2015-01-02 23:28:00,
Tim,The Adventures of Tintin,star,-2,0,Laptop/Desktop,2015-01-02 23:27:58,2014-10-16
Tim,The Italian Job,star,-2,0,Laptop/Desktop,2015-01-02 23:27:53,
Tim,The Usual Suspects,star,-2,0,Laptop/Desktop,2015-01-02 23:27:52,
Tim,Legally Blonde,star,-2,0,Laptop/Desktop,2015-01-02 23:27:47,
Tim,Alice in Wonderland,star,-2,0,Laptop/Desktop,2015-01-02 23:27:45,
Tim,Underworld,star,-2,0,Laptop/Desktop,2015-01-02 23:27:41,2014-11-02
Tim,Chocolat,star,-2,0,Laptop/Desktop,2015-01-02 23:27:38,
Tim,Shrek,star,-2,0,Laptop/Desktop,2015-01-02 23:27:36,
Tim,War of the Worlds,star,-2,0,Laptop/Desktop,2015-01-02 23:27:29,
Tim,Notting Hill,star,-2,0,Laptop/Desktop,2015-01-02 23:27:27,
Tim,The Bucket List,star,-2,0,Laptop/Desktop,2015-01-02 23:27:25,
Tim,Grease,star,-2,0,Laptop/Desktop,2015-01-02 23:27:22,
Tim,Remember the Titans,star,-2,0,Laptop/Desktop,2015-01-02 23:27:20,
Tim,The Matrix Revolutions,star,-2,0,Laptop/Desktop,2015-01-02 23:27:17,
Tim,Big Momma's House,star,-2,0,Laptop/Desktop,2015-01-02 23:27:15,
Tim,Rush Hour,star,4,2,Laptop/Desktop,2015-01-02 23:27:09,2014-12-17
Tim,Anger Management,star,-2,0,Laptop/Desktop,2015-01-02 23:27:04,
Tim,The League of Extraordinary Gentlemen,star,-2,0,Laptop/Desktop,2015-01-02 23:27:02,
Tim,Blood Diamond,star,-2,0,Laptop/Desktop,2015-01-02 23:27:00,
Tim,Daddy Day Care,star,-2,0,Laptop/Desktop,2015-01-02 23:26:57,
Tim,Shooter,star,-2,0,Laptop/Desktop,2015-01-02 23:26:55,
Tim,Terminator 2: Judgment Day,star,-2,0,Laptop/Desktop,2015-01-02 23:26:53,
Tim,There's Something About Mary,star,-2,0,Laptop/Desktop,2015-01-02 23:26:51,
Tim,Fargo,star,-2,0,Laptop/Desktop,2015-01-02 23:26:46,2014-12-07
Tim,Wedding Crashers,star,-2,0,Laptop/Desktop,2015-01-02 23:26:45,
Tim,Little Miss Sunshine,star,-2,0,Laptop/Desktop,2015-01-02 23:26:43,
Tim,The Curious Case of Benjamin Button,star,4,2,Laptop/Desktop,2015-01-02 23:26:26,
Tim,Seven,star,-2,0,Laptop/Desktop,2015-01-02 23:26:22,
Tim,Liar Liar,star,-2,0,Laptop/Desktop,2015-01-02 23:26:20,
Tim,Heroes,star,-2,0,Laptop/Desktop,2015-01-02 23:26:18,
Tim,Reservoir Dogs,star,-2,0,Laptop/Desktop,2015-01-02 23:26:16,2014-11-06
Tim,WALL-E,star,-2,0,Laptop/Desktop,2015-01-02 23:26:13,
Tim,Lost,star,-2,0,Laptop/Desktop,2015-01-02 23:26:10,
Tim,Minority Report,star,-2,0,Laptop/Desktop,2015-01-02 23:26:08,2014-10-07
Tim,No Country for Old Men,star,-2,0,Laptop/Desktop,2015-01-02 23:26:06,
Tim,Black Hawk Down,star,-2,0,Laptop/Desktop,2015-01-02 23:26:03,
Tim,Charlie and the Chocolate Factory,star,-2,0,Laptop/Desktop,2015-01-02 23:26:00,
Tim,Kill Bill: Vol. 1,star,-2,0,Laptop/Desktop,2015-01-02 23:25:49,
Tim,Man on Fire,star,-2,0,Laptop/Desktop,2015-01-02 23:25:47,
Tim,Shrek 2,star,-2,0,Laptop/Desktop,2015-01-02 23:25:45,
Tim,Happy Gilmore,star,-2,0,Laptop/Desktop,2015-01-02 23:25:42,
Tim,Knocked Up,star,-2,0,Laptop/Desktop,2015-01-02 23:25:40,
Tim,Bowling for Columbine,star,-2,0,Laptop/Desktop,2015-01-02 23:25:36,
Tim,Super Size Me,star,4,2,Laptop/Desktop,2015-01-02 23:25:29,
Tim,The Proposal,star,-2,0,Laptop/Desktop,2015-01-02 23:25:26,
Tim,Entrapment,star,-2,0,Laptop/Desktop,2015-01-02 23:25:23,
Tim,Troy,star,-2,0,Laptop/Desktop,2015-01-02 23:25:21,
Tim,Dexter,star,-2,0,Laptop/Desktop,2015-01-02 23:25:18,2014-10-16
Tim,Family Guy,star,2,1,Laptop/Desktop,2015-01-02 23:25:03,2015-01-02
Tim,Machine Gun Preacher,star,4,2,Laptop/Desktop,2015-01-02 23:20:36,2015-01-01
Tim,Hancock,star,3,2,Laptop/Desktop,2015-01-02 23:19:47,
Tim,The Big Bang Theory,star,1,1,Laptop/Desktop,2015-01-02 23:17:44,2014-10-13
Tim,The Walking Dead,star,5,2,Laptop/Desktop,2015-01-02 23:17:23,2015-01-02
Tim,Sherlock Holmes,star,4,2,Laptop/Desktop,2015-01-02 23:17:13,2014-10-13
Tim,Skyfall,star,5,2,Laptop/Desktop,2015-01-02 23:17:07,2014-11-06
Tim,Déjà Vu,star,4,2,Laptop/Desktop,2015-01-02 23:16:58,
Tim,V for Vendetta,star,4,2,Laptop/Desktop,2015-01-02 23:16:50,2014-11-09
Tim,Pirates of the Caribbean: Dead Man's Chest,star,2,1,Laptop/Desktop,2015-01-02 23:16:37,
Tim,Arrested Development,star,4,2,Laptop/Desktop,2015-01-02 23:16:30,2015-01-02
Tim,Stromberg,star,5,2,Laptop/Desktop,2015-01-02 23:16:21,2014-12-29
Tim,Inception,star,5,2,Laptop/Desktop,2015-01-02 23:16:05,
Tim,Bates Motel,star,5,2,Laptop/Desktop,2015-01-02 23:14:21,2015-01-01
Tim,Sharknado,star,5,2,Xbox,2014-12-17 21:08:42,
Tim,Fargo,star,5,2,HTML 5,2014-10-09 13:01:51,2014-10-09
Tim,Breaking Bad,star,5,2,Android,2014-10-05 20:39:38,2014-10-05
Leon,Stranger Things,thumb,,0,Smart TV,2022-08-31 20:06:35,
Leon,I AM A KILLER,thumb,,1,Smart TV,2022-08-31 20:05:58,
Leon,Neues vom Wixxer,thumb,,2,Streaming Stick,2022-06-11 19:59:02,
Leon,Iron Man,thumb,,0,PS4,2019-03-02 23:28:32,
Leon,The Blair Witch Project,star,5,2,HTML 5,2016-10-07 16:53:40,
Leon,Pretty Little Liars,star,4,2,Android,2016-03-04 20:44:11,2016-03-04
Leon,The Conjuring,star,5,2,PS3,2016-01-23 20:15:06,2015-09-11
Leon,H2O: Just Add Water,star,5,2,PS3,2015-06-05 21:50:20,
Leon,Not Another Teen Movie,star,5,2,PS3,2015-06-05 21:50:10,
Leon,Knocked Up,star,5,2,Unknown,2015-03-14 20:42:51,2015-03-12
Leon,Stromberg,star,5,2,Laptop/Desktop,2015-02-05 19:29:03,2015-02-05
Gast,Bridgerton,thumb,,2,Android Phone,2021-02-15 21:58:14,
Gast,Pride & Prejudice,thumb,,2,Android Phone,2021-02-15 21:58:12,
Gast,Brooklyn Nine-Nine,thumb,,2,Android Phone,2021-02-15 12:08:03,
Gast,The Holiday,thumb,,2,Android Phone,2020-12-14 14:16:52,
